Campaign name,Ad Set Name,Ad name,Currency,Amount spent (EUR),Impressions,Clicks (all),CPC (all),CTR (all),Frequency
Lead generation | GER || Paid | Meta,Broad 1 || Lead generation | GER || Paid | Meta,Cricket 2 || Broad 1 || Lead generation | GER || Paid | Meta,EUR,0.01,3,0,0,0,1
Lead generation | ESP || Paid | Meta,Broad 1 || Lead generation | ESP || Paid | Meta,Social Proof || Broad 1 || Lead generation | ESP || Paid | Meta,EUR,0.11,24,0,0,0,1
Lead generation | ESP || Paid | Meta,Broad 1 || Lead generation | ESP || Paid | Meta,Furious || Broad 1 || Lead generation | ESP || Paid | Meta,EUR,0,12,0,0,0,1
Lead generation | GER || Paid | Meta,Broad 1 || Lead generation | GER || Paid | Meta,Kissentrick || Broad 1 || Lead generation | GER || Paid | Meta,EUR,0.01,1,0,0,0,1
Lead generation | GER || Paid | Meta,Broad 1 || Lead generation | GER || Paid | Meta,Golf tree || Broad 1 || Lead generation | GER || Paid | Meta,EUR,0.24,26,0,0,0,1
Lead generation | GER || Paid | Meta,Broad 1 || Lead generation | GER || Paid | Meta,Cricket 1 || Broad 1 || Lead generation | GER || Paid | Meta,EUR,0.01,1,0,0,0,1
US - ESP - LEAD GENERATION - Advantage+ shopping campaign || Paid || Meta Campaign,US - ESP - LEAD GENERATION - Advantage+ shopping campaign || Paid || Meta Ad set,Suitcase || US - ESP - LEAD GENERATION - Advantage+ shopping campaign || Paid || Meta,EUR,0.56,37,1,0.56,2.7027027,1
US - ESP - LEAD GENERATION - Advantage+ shopping campaign || Paid || Meta Campaign,US - ESP - LEAD GENERATION - Advantage+ shopping campaign || Paid || Meta Ad set,Paper cutter || US - ESP - LEAD GENERATION - Advantage+ shopping campaign || Paid || Meta,EUR,1.51,49,0,0,0,1.02083333
Lead generation | GER || Paid | Meta,Broad 1 || Lead generation | GER || Paid | Meta,IELTS certificate || Broad 1 || Lead generation | GER || Paid | Meta,EUR,0.68,106,0,0,0,1.02912621
GER - LEAD GENERATION - Advantage+ shopping campaign || Paid || Meta,GER - LEAD GENERATION - Advantage+ shopping campaign || Paid || Meta,OMG || GER - LEAD GENERATION - Advantage+ shopping campaign || Paid || Meta,EUR,0.87,122,1,0.87,0.81967213,1.03389831
Lead generation | ESP || Paid | Meta,Broad 1 || Lead generation | ESP || Paid | Meta,Suitcase || Broad 1 || Lead generation | ESP || Paid | Meta,EUR,0.23,26,0,0,0,1.04
US - ESP - LEAD GENERATION - Advantage+ shopping campaign || Paid || Meta Campaign,US - ESP - LEAD GENERATION - Advantage+ shopping campaign || Paid || Meta Ad set,Frustration || US - ESP - LEAD GENERATION - Advantage+ shopping campaign || Paid || Meta,EUR,0.28,18,0,0,0,1.05882353
GER - LEAD GENERATION - Advantage+ shopping campaign || Paid || Meta,GER - LEAD GENERATION - Advantage+ shopping campaign || Paid || Meta,Fish || GER - LEAD GENERATION - Advantage+ shopping campaign || Paid || Meta,EUR,1.36,121,2,0.68,1.65289256,1.07079646
GER - LEAD GENERATION - Advantage+ shopping campaign || Paid || Meta,GER - LEAD GENERATION - Advantage+ shopping campaign || Paid || Meta,Matcha || GER - LEAD GENERATION - Advantage+ shopping campaign || Paid || Meta,EUR,0.56,45,0,0,0,1.07142857
US - ESP - LEAD GENERATION - Advantage+ shopping campaign || Paid || Meta Campaign,US - ESP - LEAD GENERATION - Advantage+ shopping campaign || Paid || Meta Ad set,How I learned || US - ESP - LEAD GENERATION - Advantage+ shopping campaign || Paid || Meta,EUR,2.55,132,6,0.425,4.54545455,1.07317073
GER - LEAD GENERATION - Advantage+ shopping campaign || Paid || Meta,GER - LEAD GENERATION - Advantage+ shopping campaign || Paid || Meta,Hilf mir || GER - LEAD GENERATION - Advantage+ shopping campaign || Paid || Meta,EUR,3.13,324,0,0,0,1.07641196
GER - LEAD GENERATION - Advantage+ shopping campaign || Paid || Meta,GER - LEAD GENERATION - Advantage+ shopping campaign || Paid || Meta,"Corporate, 2 || GER - LEAD GENERATION - Advantage+ shopping campaign || Paid || Meta",EUR,0.69,82,0,0,0,1.07894737
US - ESP - LEAD GENERATION - Advantage+ shopping campaign || Paid || Meta Campaign,US - ESP - LEAD GENERATION - Advantage+ shopping campaign || Paid || Meta Ad set,Cocktail || US - ESP - LEAD GENERATION - Advantage+ shopping campaign || Paid || Meta,EUR,0.44,27,0,0,0,1.08
US - ESP - LEAD GENERATION - Advantage+ shopping campaign || Paid || Meta Campaign,US - ESP - LEAD GENERATION - Advantage+ shopping campaign || Paid || Meta Ad set,Meme || US - ESP - LEAD GENERATION - Advantage+ shopping campaign || Paid || Meta,EUR,0.53,27,0,0,0,1.08
Lead generation | GER || Paid | Meta,Broad 1 || Lead generation | GER || Paid | Meta,Frustration || Broad 1 || Lead generation | GER || Paid | Meta,EUR,2.3,324,2,1.15,0.61728395,1.08361204
Lead generation | GER || Paid | Meta,Broad 1 || Lead generation | GER || Paid | Meta,OMG || Broad 1 || Lead generation | GER || Paid | Meta,EUR,1.25,195,0,0,0,1.08938547
Lead generation | ESP || Paid | Meta,Broad 1 || Lead generation | ESP || Paid | Meta,Paper cutter final || Broad 1 || Lead generation | ESP || Paid | Meta,EUR,1432,315854,3896,0.36755647,1.23348129,1.09162482
US - ESP - LEAD GENERATION - Advantage+ shopping campaign || Paid || Meta Campaign,US - ESP - LEAD GENERATION - Advantage+ shopping campaign || Paid || Meta Ad set,"Reel, UGC 2 || US - ESP - LEAD GENERATION - Advantage+ shopping campaign || Paid || Meta",EUR,0.98,46,0,0,0,1.0952381
Lead generation | GER || Paid | Meta,Broad 1 || Lead generation | GER || Paid | Meta,Meme || Broad 1 || Lead generation | GER || Paid | Meta,EUR,1.71,90,1,1.71,1.11111111,1.09756098
Lead generation | ESP || Paid | Meta,Broad 1 || Lead generation | ESP || Paid | Meta,OMG || Broad 1 || Lead generation | ESP || Paid | Meta,EUR,0.16,55,0,0,0,1.1
US - ESP - LEAD GENERATION - Advantage+ shopping campaign || Paid || Meta Campaign,US - ESP - LEAD GENERATION - Advantage+ shopping campaign || Paid || Meta Ad set,OMG || US - ESP - LEAD GENERATION - Advantage+ shopping campaign || Paid || Meta,EUR,0.77,33,0,0,0,1.1
Lead generation | ESP || Paid | Meta,Broad 1 || Lead generation | ESP || Paid | Meta,IELTS || Broad 1 || Lead generation | ESP || Paid | Meta,EUR,28.66,6246,39,0.73487179,0.62439962,1.10042283
Lead generation | GER || Paid | Meta,Broad 1 || Lead generation | GER || Paid | Meta,Viel zu viel || Broad 1 || Lead generation | GER || Paid | Meta,EUR,0.62,53,0,0,0,1.10416667
REMARKETING - Landing - Contact || Paid || Meta,FORM - Pixel Viktor (viewpage) + Broad || REMARKETING - Landing - Contact || Paid || Meta - Copia,"Reviews, 1 || FORM - Pixel Viktor (viewpage) + Broad || REMARKETING - Landing - Contact || Paid || Meta - Copia",EUR,1.61,194,1,1.61,0.51546392,1.10857143
REMARKETING - Landing - Contact || Paid || Meta,FORM - Pixel Viktor (viewpage) + Broad || REMARKETING - Landing - Contact || Paid || Meta - Copia,"Reel, Studio || FORM - Pixel Viktor (viewpage) + Broad || REMARKETING - Landing - Contact || Paid || Meta",EUR,1.45,273,1,1.45,0.36630037,1.11885246
US - ESP - LEAD GENERATION - Advantage+ shopping campaign || Paid || Meta Campaign,US - ESP - LEAD GENERATION - Advantage+ shopping campaign || Paid || Meta Ad set,Scioglilingua || US - ESP - LEAD GENERATION - Advantage+ shopping campaign || Paid || Meta,EUR,0.79,28,3,0.26333333,10.71428571,1.12
Lead generation | GER || Paid | Meta,Broad 1 || Lead generation | GER || Paid | Meta,Bottle toss || Broad 1 || Lead generation | GER || Paid | Meta,EUR,0.36,37,0,0,0,1.12121212
Lead generation | ESP || Paid | Meta,Broad 1 || Lead generation | ESP || Paid | Meta,"Reel, UGC 3 || Broad 1 || Lead generation | ESP || Paid | Meta",EUR,23.59,2432,26,0.90730769,1.06907895,1.12853828
US - ESP - LEAD GENERATION - Advantage+ shopping campaign || Paid || Meta Campaign,US - ESP - LEAD GENERATION - Advantage+ shopping campaign || Paid || Meta Ad set,Social Proof || US - ESP - LEAD GENERATION - Advantage+ shopping campaign || Paid || Meta,EUR,0.82,35,0,0,0,1.12903226
REMARKETING - Landing - Contact || Paid || Meta,FORM - Pixel Viktor (viewpage) + Broad || REMARKETING - Landing - Contact || Paid || Meta - Copia,"Reel, Standard 1 - Istant Form || FORM - Pixel Viktor (viewpage) + Broad || REMARKETING - Landing - Contact || Paid || Meta",EUR,1.94,356,6,0.32333333,1.68539326,1.13015873
GER - LEAD GENERATION - Advantage+ shopping campaign || Paid || Meta,GER - LEAD GENERATION - Advantage+ shopping campaign || Paid || Meta,How I learned || GER - LEAD GENERATION - Advantage+ shopping campaign || Paid || Meta,EUR,4.24,347,2,2.12,0.57636888,1.14521452
Lead generation | GER || Paid | Meta,Broad 1 || Lead generation | GER || Paid | Meta,Paper cutter || Broad 1 || Lead generation | GER || Paid | Meta,EUR,463.83,42517,570,0.81373684,1.34064021,1.14542418
REMARKETING - Landing - Contact || Paid || Meta,FORM - Pixel Viktor (viewpage) + Broad || REMARKETING - Landing - Contact || Paid || Meta - Copia,"Reel, Finestra || FORM - Pixel Viktor (viewpage) + Broad || REMARKETING - Landing - Contact || Paid || Meta",EUR,10.44,1495,16,0.6525,1.07023411,1.14559387
Lead generation | GER || Paid | Meta,Broad 1 || Lead generation | GER || Paid | Meta,Tee || Broad 1 || Lead generation | GER || Paid | Meta,EUR,516.68,53368,420,1.23019048,0.78698846,1.15012284
GER - LEAD GENERATION - Advantage+ shopping campaign || Paid || Meta,GER - LEAD GENERATION - Advantage+ shopping campaign || Paid || Meta,Viel zu viel || GER - LEAD GENERATION - Advantage+ shopping campaign || Paid || Meta,EUR,0.98,121,0,0,0,1.15238095
Lead generation | ESP || Paid | Meta,Broad 1 || Lead generation | ESP || Paid | Meta,Fish || Broad 1 || Lead generation | ESP || Paid | Meta,EUR,3.57,1371,7,0.51,0.51057622,1.15306981
Lead generation | GER || Paid | Meta,Broad 1 || Lead generation | GER || Paid | Meta,Neuer Job || Broad 1 || Lead generation | GER || Paid | Meta,EUR,2.54,301,1,2.54,0.33222591,1.1532567
Lead generation | ESP || Paid | Meta,Broad 1 || Lead generation | ESP || Paid | Meta,"Reel, UGC 1 || Broad 1 || Lead generation | ESP || Paid | Meta",EUR,15.72,1799,24,0.655,1.33407449,1.15765766
US - ESP - LEAD GENERATION - Advantage+ shopping campaign || Paid || Meta Campaign,US - ESP - LEAD GENERATION - Advantage+ shopping campaign || Paid || Meta Ad set,Furious || US - ESP - LEAD GENERATION - Advantage+ shopping campaign || Paid || Meta,EUR,0.39,29,0,0,0,1.16
TEST - Advantage+ shopping campaign || Paid || Meta,TEST - Advantage+ shopping campaign || Paid || Meta,Tagliacarte || TEST - Advantage+ shopping campaign || Paid || Meta,EUR,3166.28,709111,6183,0.51209445,0.87193683,1.16109135
US - ESP - LEAD GENERATION - Advantage+ shopping campaign || Paid || Meta Campaign,US - ESP - LEAD GENERATION - Advantage+ shopping campaign || Paid || Meta Ad set,Macha || US - ESP - LEAD GENERATION - Advantage+ shopping campaign || Paid || Meta,EUR,1.55,85,1,1.55,1.17647059,1.16438356
GER - LEAD GENERATION - Advantage+ shopping campaign || Paid || Meta,GER - LEAD GENERATION - Advantage+ shopping campaign || Paid || Meta,Cricket 2 || GER - LEAD GENERATION - Advantage+ shopping campaign || Paid || Meta,EUR,4.17,407,2,2.085,0.49140049,1.17291066
REMARKETING - Landing - Contact || Paid || Meta,FORM - Pixel Viktor (viewpage) + Broad || REMARKETING - Landing - Contact || Paid || Meta - Copia,"Certificato, 1 || FORM - Pixel Viktor (viewpage) + Broad || REMARKETING - Landing - Contact || Paid || Meta - Copia",EUR,1.94,372,1,1.94,0.2688172,1.17350158
GER - LEAD GENERATION - Advantage+ shopping campaign || Paid || Meta,GER - LEAD GENERATION - Advantage+ shopping campaign || Paid || Meta,"Certificato, Giulia || GER - LEAD GENERATION - Advantage+ shopping campaign || Paid || Meta",EUR,1.05,168,0,0,0,1.17482517
Lead generation | ESP || Paid | Meta,Broad 1 || Lead generation | ESP || Paid | Meta,Frustration || Broad 1 || Lead generation | ESP || Paid | Meta,EUR,0.29,47,0,0,0,1.175
Lead generation | GER || Paid | Meta,Broad 1 || Lead generation | GER || Paid | Meta,"Reel, Standard || Broad 1 || Lead generation | GER || Paid | Meta",EUR,93.02,5256,53,1.75509434,1.00837139,1.17610204
Lead generation | GER || Paid | Meta,Broad 1 || Lead generation | GER || Paid | Meta,Papier schneiden || Broad 1 || Lead generation | GER || Paid | Meta,EUR,7.99,397,4,1.9975,1.00755668,1.17804154
Lead generation | ESP || Paid | Meta,Broad 1 || Lead generation | ESP || Paid | Meta,Paper cutter || Broad 1 || Lead generation | ESP || Paid | Meta,EUR,150.42,35106,323,0.46569659,0.92007064,1.17987497
Lead generation | ESP || Paid | Meta,Broad 1 || Lead generation | ESP || Paid | Meta,Scioglilingua || Broad 1 || Lead generation | ESP || Paid | Meta,EUR,6.65,754,8,0.83125,1.06100796,1.18181818
Lead generation | GER || Paid | Meta,Broad 1 || Lead generation | GER || Paid | Meta,"Reel, Video ADS 6 || Broad 1 || Lead generation | GER || Paid | Meta",EUR,401.47,30380,233,1.72304721,0.76695194,1.18348266
US - ESP - LEAD GENERATION - Advantage+ shopping campaign || Paid || Meta Campaign,US - ESP - LEAD GENERATION - Advantage+ shopping campaign || Paid || Meta Ad set,"Reel, Video Ads 2 || US - ESP - LEAD GENERATION - Advantage+ shopping campaign || Paid || Meta",EUR,193.86,8710,186,1.04225806,2.13547646,1.19135549
Lead generation | GER || Paid | Meta,Broad 1 || Lead generation | GER || Paid | Meta,"Reel, Costa Troppo || Broad 1 || Lead generation | GER || Paid | Meta",EUR,260.49,28046,136,1.91536765,0.48491764,1.19273624
US - ESP - LEAD GENERATION - Advantage+ shopping campaign || Paid || Meta Campaign,US - ESP - LEAD GENERATION - Advantage+ shopping campaign || Paid || Meta Ad set,Fish || US - ESP - LEAD GENERATION - Advantage+ shopping campaign || Paid || Meta,EUR,3.07,145,5,0.614,3.44827586,1.19834711
GER - LEAD GENERATION - Advantage+ shopping campaign || Paid || Meta,GER - LEAD GENERATION - Advantage+ shopping campaign || Paid || Meta,Tee || GER - LEAD GENERATION - Advantage+ shopping campaign || Paid || Meta,EUR,489.91,45550,445,1.10092135,0.97694841,1.19963129
US - ESP - LEAD GENERATION - Advantage+ shopping campaign || Paid || Meta Campaign,US - ESP - LEAD GENERATION - Advantage+ shopping campaign || Paid || Meta Ad set,"Standard, 3 || US - ESP - LEAD GENERATION - Advantage+ shopping campaign || Paid || Meta",EUR,0.44,18,0,0,0,1.2
Lead generation | GER || Paid | Meta,Broad 1 || Lead generation | GER || Paid | Meta,SoTunAlsOb || Broad 1 || Lead generation | GER || Paid | Meta,EUR,136.15,9950,85,1.60176471,0.85427136,1.20024125
Lead generation | ESP || Paid | Meta,Broad 1 || Lead generation | ESP || Paid | Meta,"Reel, Video Ads 2 || Broad 1 || Lead generation | ESP || Paid | Meta",EUR,122.42,17202,185,0.66172973,1.07545634,1.20142478
US - ESP - LEAD GENERATION - Advantage+ shopping campaign || Paid || Meta Campaign,US - ESP - LEAD GENERATION - Advantage+ shopping campaign || Paid || Meta Ad set,"Illustrate, Bear || US - ESP - LEAD GENERATION - Advantage+ shopping campaign || Paid || Meta",EUR,1.24,47,1,1.24,2.12765957,1.20512821
REMARKETING - Landing - Contact || Paid || Meta,STATIC - Pixel Viktor (viewpage) + Broad || REMARKETING - Landing - Contact || Paid || Meta,"Standard Jan25, 3 || STATIC - Pixel Viktor (viewpage) Broad || REMARKETING - Landing - Contact || Paid || Meta -",EUR,82.64,10019,108,0.76518519,1.07795189,1.20652697
Lead generation | ESP || Paid | Meta,Broad 1 || Lead generation | ESP || Paid | Meta,"Illustrate, Elon || Broad 1 || Lead generation | ESP || Paid | Meta",EUR,3.17,551,11,0.28818182,1.99637024,1.20833333
ESP - LEAD GENERATION - Advantage+ shopping campaign || Paid || Meta,ESP - LEAD GENERATION - Advantage+ shopping campaign || Paid || Meta,Frustration || ESP - LEAD GENERATION - Advantage+ shopping campaign || Paid || Meta,EUR,3.01,547,6,0.50166667,1.09689214,1.21826281
Lead generation | GER || Paid | Meta,Broad 1 || Lead generation | GER || Paid | Meta,"Certificato, Giulia || Broad 1 || Lead generation | GER || Paid | Meta",EUR,47.91,2470,19,2.52157895,0.76923077,1.2294674
Lead generation | GER || Paid | Meta,Broad 1 || Lead generation | GER || Paid | Meta,Fish || Broad 1 || Lead generation | GER || Paid | Meta,EUR,14.17,1649,11,1.28818182,0.66707095,1.23151606
Lead generation | GER || Paid | Meta,Broad 1 || Lead generation | GER || Paid | Meta,Job offer || Broad 1 || Lead generation | GER || Paid | Meta,EUR,19.14,2697,18,1.06333333,0.66740823,1.23432494
REMARKETING - Landing - Contact || Paid || Meta,FORM - Pixel Viktor (viewpage) + Broad || REMARKETING - Landing - Contact || Paid || Meta - Copia,"Reel, Costa Troppo || FORM - Pixel Viktor (viewpage) + Broad || REMARKETING - Landing - Contact || Paid || Meta",EUR,4.75,763,8,0.59375,1.04849279,1.23662885
Lead generation | ESP || Paid | Meta,Broad 1 || Lead generation | ESP || Paid | Meta,How I learned || Broad 1 || Lead generation | ESP || Paid | Meta,EUR,120.33,22344,220,0.54695455,0.98460437,1.23858093
REMARKETING - Landing - Contact || Paid || Meta,FORM - Pixel Viktor (viewpage) + Broad || REMARKETING - Landing - Contact || Paid || Meta - Copia,"Reviews, 2 || FORM - Pixel Viktor (viewpage) + Broad || REMARKETING - Landing - Contact || Paid || Meta - Copia",EUR,6.92,903,16,0.4325,1.77187154,1.25242718
Lead generation | GER || Paid | Meta,Broad 1 || Lead generation | GER || Paid | Meta,Scioglilingua || Broad 1 || Lead generation | GER || Paid | Meta,EUR,249.75,15906,202,1.23638614,1.26996102,1.25392196
ESP - LEAD GENERATION - Advantage+ shopping campaign || Paid || Meta,ESP - LEAD GENERATION - Advantage+ shopping campaign || Paid || Meta,Suitcase || ESP - LEAD GENERATION - Advantage+ shopping campaign || Paid || Meta,EUR,3.49,602,7,0.49857143,1.1627907,1.25678497
Lead generation | ESP || Paid | Meta,Broad 1 || Lead generation | ESP || Paid | Meta,"Illustrate, Bear || Broad 1 || Lead generation | ESP || Paid | Meta",EUR,0.53,83,0,0,0,1.25757576
REMARKETING - Landing - Contact || Paid || Meta,STATIC - Pixel Viktor (viewpage) + Broad || REMARKETING - Landing - Contact || Paid || Meta,"Reel, Standard 1 || STATIC - Pixel Viktor (viewpage) + Broad || REMARKETING - Landing - Contact || Paid || Meta",EUR,13.17,1204,10,1.317,0.83056478,1.26073298
TEST - Advantage+ shopping campaign || Paid || Meta,TEST - Advantage+ shopping campaign || Paid || Meta,Tea || TEST - Advantage+ shopping campaign || Paid || Meta,EUR,1383.67,347601,2018,0.68566402,0.58055069,1.26458305
Lead generation | ESP || Paid | Meta,Broad 1 || Lead generation | ESP || Paid | Meta,Price shock || Broad 1 || Lead generation | ESP || Paid | Meta,EUR,257.88,30792,284,0.90802817,0.92231749,1.26940677
TEST - Advantage+ shopping campaign || Paid || Meta,TEST - Advantage+ shopping campaign || Paid || Meta,jeff || TEST - Advantage+ shopping campaign || Paid || Meta,EUR,165.46,59413,352,0.47005682,0.59246293,1.27318119
REMARKETING - Landing - Contact || Paid || Meta,FORM - Pixel Viktor (viewpage) + Broad || REMARKETING - Landing - Contact || Paid || Meta - Copia,"Review, Camilla || FORM - Pixel Viktor (viewpage) + Broad || REMARKETING - Landing - Contact || Paid || Meta - Copia",EUR,4.11,495,3,1.37,0.60606061,1.27906977
ESP - LEAD GENERATION - Advantage+ shopping campaign || Paid || Meta,ESP - LEAD GENERATION - Advantage+ shopping campaign || Paid || Meta,Furious || ESP - LEAD GENERATION - Advantage+ shopping campaign || Paid || Meta,EUR,2.85,449,4,0.7125,0.8908686,1.27920228
TEST - Advantage+ shopping campaign || Paid || Meta,TEST - Advantage+ shopping campaign || Paid || Meta,"Standard Jan25, 3 || TEST - Advantage+ shopping campaign || Paid || Meta",EUR,61.76,14113,120,0.51466667,0.85027988,1.2851029
TEST - Advantage+ shopping campaign || Paid || Meta,TEST - Advantage+ shopping campaign || Paid || Meta,"Reel, Video Ads 7 || TEST - Advantage+ shopping campaign || Paid || Meta",EUR,128.82,43160,228,0.565,0.52826691,1.28732067
Lead generation | ESP || Paid | Meta,Broad 1 || Lead generation | ESP || Paid | Meta,Job offer || Broad 1 || Lead generation | ESP || Paid | Meta,EUR,1.21,376,3,0.40333333,0.79787234,1.28767123
US - ESP - LEAD GENERATION - Advantage+ shopping campaign || Paid || Meta Campaign,US - ESP - LEAD GENERATION - Advantage+ shopping campaign || Paid || Meta Ad set,Paper cutter final || US - ESP - LEAD GENERATION - Advantage+ shopping campaign || Paid || Meta,EUR,199.02,14677,237,0.83974684,1.61477141,1.28926564
Lead generation | ESP || Paid | Meta,Broad 1 || Lead generation | ESP || Paid | Meta,"Reel, Video Ads 1 || Broad 1 || Lead generation | ESP || Paid | Meta",EUR,0.24,22,0,0,0,1.29411765
REMARKETING - Landing - Contact || Paid || Meta,STATIC - Pixel Viktor (viewpage) + Broad || REMARKETING - Landing - Contact || Paid || Meta,Rem April18 || STATIC - Pixel Viktor (viewpage) Broad || REMARKETING - Landing - Contact || Paid || Meta,EUR,7.47,542,8,0.93375,1.47601476,1.29665072
REMARKETING - Landing - Contact || Paid || Meta,FORM - Pixel Viktor (viewpage) + Broad || REMARKETING - Landing - Contact || Paid || Meta - Copia,"Reel, Non servono || FORM - Pixel Viktor (viewpage) + Broad || REMARKETING - Landing - Contact || Paid || Meta",EUR,10.58,2321,21,0.50380952,0.90478242,1.30100897
Lead generation | ESP || Paid | Meta,Broad 1 || Lead generation | ESP || Paid | Meta,Cocktail || Broad 1 || Lead generation | ESP || Paid | Meta,EUR,0.41,30,0,0,0,1.30434783
TEST - Advantage+ shopping campaign || Paid || Meta,TEST - Advantage+ shopping campaign || Paid || Meta,Lemonade || TEST - Advantage+ shopping campaign || Paid || Meta,EUR,27.9,6013,48,0.58125,0.79827041,1.31059285
GER - LEAD GENERATION - Advantage+ shopping campaign || Paid || Meta,GER - LEAD GENERATION - Advantage+ shopping campaign || Paid || Meta,"Reel, Standard || GER - LEAD GENERATION - Advantage+ shopping campaign || Paid || Meta",EUR,53.34,4553,30,1.778,0.65890622,1.31134793
REMARKETING - Landing - Contact || Paid || Meta,FORM - Pixel Viktor (viewpage) + Broad || REMARKETING - Landing - Contact || Paid || Meta - Copia,Rem April18 || FORM - Pixel Viktor (viewpage) + Broad || REMARKETING - Landing - Contact || Paid || Meta,EUR,6.3,799,6,1.05,0.75093867,1.31630972
Lead generation | GER || Paid | Meta,Broad 1 || Lead generation | GER || Paid | Meta,Bewerbung abgelehnt || Broad 1 || Lead generation | GER || Paid | Meta,EUR,2.46,185,3,0.82,1.62162162,1.32142857
US - ESP - LEAD GENERATION - Advantage+ shopping campaign || Paid || Meta Campaign,US - ESP - LEAD GENERATION - Advantage+ shopping campaign || Paid || Meta Ad set,Job offer || US - ESP - LEAD GENERATION - Advantage+ shopping campaign || Paid || Meta,EUR,5.76,302,10,0.576,3.31125828,1.3245614
ESP - LEAD GENERATION - Advantage+ shopping campaign || Paid || Meta,ESP - LEAD GENERATION - Advantage+ shopping campaign || Paid || Meta,"Reel, Video Ads 2 || ESP - LEAD GENERATION - Advantage+ shopping campaign || Paid || Meta",EUR,46.49,7898,67,0.6938806,0.84831603,1.32985351
TEST - Advantage+ shopping campaign || Paid || Meta,TEST - Advantage+ shopping campaign || Paid || Meta,Toothbrush || TEST - Advantage+ shopping campaign || Paid || Meta,EUR,29.71,6468,46,0.64586957,0.71119357,1.3308642
Lead generation | ESP || Paid | Meta,Broad 1 || Lead generation | ESP || Paid | Meta,Cards || Broad 1 || Lead generation | ESP || Paid | Meta,EUR,0.54,115,1,0.54,0.86956522,1.3372093
GER - LEAD GENERATION - Advantage+ shopping campaign || Paid || Meta,GER - LEAD GENERATION - Advantage+ shopping campaign || Paid || Meta,Wann es mir passt || GER - LEAD GENERATION - Advantage+ shopping campaign || Paid || Meta - Copy,EUR,3.49,335,4,0.8725,1.19402985,1.34
REMARKETING - Landing - Contact || Paid || Meta,FORM - Pixel Viktor (viewpage) + Broad || REMARKETING - Landing - Contact || Paid || Meta - Copia,"Review, Nicole || FORM - Pixel Viktor (viewpage) + Broad || REMARKETING - Landing - Contact || Paid || Meta - Copia",EUR,14.11,1219,14,1.00785714,1.14848236,1.34399118
REMARKETING - Landing - Contact || Paid || Meta,FORM - Pixel Viktor (viewpage) + Broad || REMARKETING - Landing - Contact || Paid || Meta - Copia,"Certificato, 2 || FORM - Pixel Viktor (viewpage) + Broad || REMARKETING - Landing - Contact || Paid || Meta - Copia",EUR,8.81,1009,7,1.25857143,0.69375619,1.3561828
ESP - LEAD GENERATION - Advantage+ shopping campaign || Paid || Meta,ESP - LEAD GENERATION - Advantage+ shopping campaign || Paid || Meta,Paper cutter final || ESP - LEAD GENERATION - Advantage+ shopping campaign || Paid || Meta,EUR,679.86,144850,1636,0.41556235,1.12944425,1.35813003
GER - LEAD GENERATION - Advantage+ shopping campaign || Paid || Meta,GER - LEAD GENERATION - Advantage+ shopping campaign || Paid || Meta,"Reel, Costa Troppo || GER - LEAD GENERATION - Advantage+ shopping campaign || Paid || Meta",EUR,139.89,8834,90,1.55433333,1.01879103,1.36222051
GER - LEAD GENERATION - Advantage+ shopping campaign || Paid || Meta,GER - LEAD GENERATION - Advantage+ shopping campaign || Paid || Meta,Reisen || GER - LEAD GENERATION - Advantage+ shopping campaign || Paid || Meta,EUR,92.89,7251,98,0.94785714,1.35153772,1.36373895
GER - LEAD GENERATION - Advantage+ shopping campaign || Paid || Meta,GER - LEAD GENERATION - Advantage+ shopping campaign || Paid || Meta,Furious || GER - LEAD GENERATION - Advantage+ shopping campaign || Paid || Meta,EUR,89.37,7204,77,1.16064935,1.06885064,1.3701027
REMARKETING - Landing - Contact || Paid || Meta,STATIC - Pixel Viktor (viewpage) + Broad || REMARKETING - Landing - Contact || Paid || Meta,"Reel, Anno Nuovo 2 || STATIC - Pixel Viktor (viewpage) Broad || REMARKETING - Landing - Contact || Paid || Meta",EUR,196.69,21194,296,0.66449324,1.39662169,1.37409232
REMARKETING - Landing - Contact || Paid || Meta,STATIC - Pixel Viktor (viewpage) + Broad || REMARKETING - Landing - Contact || Paid || Meta,"Reviews, 1 || STATIC - Pixel Viktor (viewpage) + Broad || REMARKETING - Landing - Contact || Paid || Meta",EUR,7.75,641,10,0.775,1.5600624,1.37553648
ESP - LEAD GENERATION - Advantage+ shopping campaign || Paid || Meta,ESP - LEAD GENERATION - Advantage+ shopping campaign || Paid || Meta,Macha || ESP - LEAD GENERATION - Advantage+ shopping campaign || Paid || Meta,EUR,8.93,1348,14,0.63785714,1.03857567,1.37973388
REMARKETING - Landing - Contact || Paid || Meta,FORM - Pixel Viktor (viewpage) + Broad || REMARKETING - Landing - Contact || Paid || Meta - Copia,"Reel, Standard 2 - Istant Form || FORM - Pixel Viktor (viewpage) + Broad || REMARKETING - Landing - Contact || Paid || Meta",EUR,12.45,1881,11,1.13181818,0.58479532,1.39643653
GER - LEAD GENERATION - Advantage+ shopping campaign || Paid || Meta,GER - LEAD GENERATION - Advantage+ shopping campaign || Paid || Meta,Cocktail || GER - LEAD GENERATION - Advantage  shopping campaign || Paid || Meta,EUR,38.5,2942,42,0.91666667,1.42760027,1.39828897
GER - LEAD GENERATION - Advantage+ shopping campaign || Paid || Meta,GER - LEAD GENERATION - Advantage+ shopping campaign || Paid || Meta,Cards || GER - LEAD GENERATION - Advantage+ shopping campaign || Paid || Meta,EUR,11.72,1151,8,1.465,0.69504778,1.40024331
REMARKETING - Landing - Contact || Paid || Meta,FORM - Pixel Viktor (viewpage) + Broad || REMARKETING - Landing - Contact || Paid || Meta - Copia,"Reel Certificato, Giulia || FORM - Pixel Viktor (viewpage) + Broad || REMARKETING - Landing - Contact || Paid || Meta - Copia",EUR,55.43,14894,100,0.5543,0.67141131,1.40165631
TEST - Advantage+ shopping campaign || Paid || Meta,TEST - Advantage+ shopping campaign || Paid || Meta,Parlare con i piedi || TEST - Advantage+ shopping campaign || Paid || Meta,EUR,3.72,1225,4,0.93,0.32653061,1.40320733
US - ESP - LEAD GENERATION - Advantage+ shopping campaign || Paid || Meta Campaign,US - ESP - LEAD GENERATION - Advantage+ shopping campaign || Paid || Meta Ad set,Inferno || US - ESP - LEAD GENERATION - Advantage+ shopping campaign || Paid || Meta,EUR,59.13,2717,56,1.05589286,2.0610968,1.40558717
GER - LEAD GENERATION - Advantage+ shopping campaign || Paid || Meta,GER - LEAD GENERATION - Advantage+ shopping campaign || Paid || Meta,IELTS certificate || GER - LEAD GENERATION - Advantage+ shopping campaign || Paid || Meta,EUR,90.87,9905,80,1.135875,0.80767289,1.40716011
REMARKETING - Landing - Contact || Paid || Meta,FORM - Pixel Viktor (viewpage) + Broad || REMARKETING - Landing - Contact || Paid || Meta - Copia,"Certificato, Aliz || FORM - Pixel Viktor (viewpage) + Broad || REMARKETING - Landing - Contact || Paid || Meta - Copia",EUR,14.09,3912,27,0.52185185,0.69018405,1.40719424
REMARKETING - Landing - Contact || Paid || Meta,STATIC - Pixel Viktor (viewpage) + Broad || REMARKETING - Landing - Contact || Paid || Meta,"Certificato, 1 || STATIC - Pixel Viktor (viewpage) + Broad || REMARKETING - Landing - Contact || Paid || Meta",EUR,7.79,1517,19,0.41,1.25247198,1.40723562
US - ESP - LEAD GENERATION - Advantage+ shopping campaign || Paid || Meta Campaign,US - ESP - LEAD GENERATION - Advantage+ shopping campaign || Paid || Meta Ad set,"Reel, UGC 1 || US - ESP - LEAD GENERATION - Advantage+ shopping campaign || Paid || Meta",EUR,3.21,140,2,1.605,1.42857143,1.41414141
GER - LEAD GENERATION - Advantage+ shopping campaign || Paid || Meta,GER - LEAD GENERATION - Advantage+ shopping campaign || Paid || Meta,"Reel, Video Ads 6 || GER - LEAD GENERATION - Advantage+ shopping campaign || Paid || Meta",EUR,109.48,11458,84,1.30333333,0.73311224,1.41509201
GER - LEAD GENERATION - Advantage+ shopping campaign || Paid || Meta,GER - LEAD GENERATION - Advantage+ shopping campaign || Paid || Meta,Golf tree || GER - LEAD GENERATION - Advantage+ shopping campaign || Paid || Meta,EUR,35.9,2435,38,0.94473684,1.56057495,1.41652123
TEST - Advantage+ shopping campaign || Paid || Meta,TEST - Advantage+ shopping campaign || Paid || Meta,Sorri for my English || TEST - Advantage+ shopping campaign || Paid || Meta,EUR,735.51,211183,1013,0.72607108,0.47967876,1.41730703
Lead generation | ESP || Paid | Meta,Broad 1 || Lead generation | ESP || Paid | Meta,"Corporate, 3 || Broad 1 || Lead generation | ESP || Paid | Meta",EUR,52.94,6574,70,0.75628571,1.06480073,1.41833873
ESP - LEAD GENERATION - Advantage+ shopping campaign || Paid || Meta,ESP - LEAD GENERATION - Advantage+ shopping campaign || Paid || Meta,Paper cutter || ESP - LEAD GENERATION - Advantage+ shopping campaign || Paid || Meta,EUR,63.28,13944,140,0.452,1.00401606,1.4190922
ESP - LEAD GENERATION - Advantage+ shopping campaign || Paid || Meta,ESP - LEAD GENERATION - Advantage+ shopping campaign || Paid || Meta,"Reel, Video Ads 1 || ESP - LEAD GENERATION - Advantage+ shopping campaign || Paid || Meta",EUR,275.45,48658,383,0.7191906,0.78712647,1.42166774
REMARKETING - Landing - Contact || Paid || Meta,STATIC - Pixel Viktor (viewpage) + Broad || REMARKETING - Landing - Contact || Paid || Meta,"Reel, Standard 2 || STATIC - Pixel Viktor (viewpage) + Broad || REMARKETING - Landing - Contact || Paid || Meta",EUR,5.68,855,21,0.27047619,2.45614035,1.42262895
ESP - LEAD GENERATION - Advantage+ shopping campaign || Paid || Meta,ESP - LEAD GENERATION - Advantage+ shopping campaign || Paid || Meta,Job offer || ESP - LEAD GENERATION - Advantage+ shopping campaign || Paid || Meta,EUR,7.21,1006,19,0.37947368,1.88866799,1.42291372
GER - LEAD GENERATION - Advantage+ shopping campaign || Paid || Meta,GER - LEAD GENERATION - Advantage+ shopping campaign || Paid || Meta,Scioglilingua || GER - LEAD GENERATION - Advantage+ shopping campaign || Paid || Meta,EUR,37.61,3812,32,1.1753125,0.83945435,1.43524096
US - ESP - LEAD GENERATION - Advantage+ shopping campaign || Paid || Meta Campaign,US - ESP - LEAD GENERATION - Advantage+ shopping campaign || Paid || Meta Ad set,"Reel, Video Ads 1 || US - ESP - LEAD GENERATION - Advantage+ shopping campaign || Paid || Meta",EUR,107.27,5240,124,0.86508065,2.36641221,1.43640351
TEST - Advantage+ shopping campaign || Paid || Meta,TEST - Advantage+ shopping campaign || Paid || Meta,Matcha || TEST - Advantage+ shopping campaign || Paid || Meta,EUR,10.91,2569,29,0.3762069,1.12884391,1.4440697
TEST - Advantage+ shopping campaign || Paid || Meta,TEST - Advantage+ shopping campaign || Paid || Meta,Ridere i polli || TEST - Advantage+ shopping campaign || Paid || Meta,EUR,6.41,2083,11,0.58272727,0.52808449,1.4445215
GER - LEAD GENERATION - Advantage+ shopping campaign || Paid || Meta,GER - LEAD GENERATION - Advantage+ shopping campaign || Paid || Meta,Bewerbung abgelehnt || GER - LEAD GENERATION - Advantage+ shopping campaign || Paid || Meta,EUR,42.02,3065,35,1.20057143,1.14192496,1.44507308
US - ESP - LEAD GENERATION - Advantage+ shopping campaign || Paid || Meta Campaign,US - ESP - LEAD GENERATION - Advantage+ shopping campaign || Paid || Meta Ad set,Price shock || US - ESP LEAD GENERATION - Advantage+ shopping campaign || Paid || Meta,EUR,1.52,77,4,0.38,5.19480519,1.45283019
ESP - LEAD GENERATION - Advantage+ shopping campaign || Paid || Meta,ESP - LEAD GENERATION - Advantage+ shopping campaign || Paid || Meta,Price shock || ESP - LEAD GENERATION - Advantage+ shopping campaign || Paid || Meta,EUR,32.14,4264,33,0.97393939,0.7739212,1.45777778
ESP - LEAD GENERATION - Advantage+ shopping campaign || Paid || Meta,ESP - LEAD GENERATION - Advantage+ shopping campaign || Paid || Meta,IELTS || ESP - LEAD GENERATION - Advantage+ shopping campaign || Paid || Meta,EUR,221.78,53599,378,0.58671958,0.70523704,1.46098073
REMARKETING - Landing - Contact || Paid || Meta,STATIC - Pixel Viktor (viewpage) + Broad || REMARKETING - Landing - Contact || Paid || Meta,"Certificato, Aliz || STATIC - Pixel Viktor (viewpage) + Broad || REMARKETING - Landing - Contact || Paid || Meta",EUR,2.5,328,9,0.27777778,2.74390244,1.46428571
ESP - LEAD GENERATION - Advantage+ shopping campaign || Paid || Meta,ESP - LEAD GENERATION - Advantage+ shopping campaign || Paid || Meta,"Reel, UGC 3 || ESP - LEAD GENERATION - Advantage+ shopping campaign || Paid || Meta",EUR,214.43,19765,202,1.06153465,1.0220086,1.47028193
TEST - Advantage+ shopping campaign || Paid || Meta,TEST - Advantage+ shopping campaign || Paid || Meta,"Standard Jan25, 2 || TEST - Advantage+ shopping campaign || Paid || Meta",EUR,134.86,39680,249,0.54160643,0.62752016,1.47608065
GER - LEAD GENERATION - Advantage+ shopping campaign || Paid || Meta,GER - LEAD GENERATION - Advantage+ shopping campaign || Paid || Meta,Job offer || GER - LEAD GENERATION - Advantage+ shopping campaign || Paid || Meta,EUR,218.38,16286,144,1.51652778,0.88419501,1.47625091
TEST - Advantage+ shopping campaign || Paid || Meta,TEST - Advantage+ shopping campaign || Paid || Meta,"Illustrate, Elon || TEST - Advantage+ shopping campaign || Paid || Meta",EUR,21.11,6572,60,0.35183333,0.91296409,1.48218313
ESP - LEAD GENERATION - Advantage+ shopping campaign || Paid || Meta,ESP - LEAD GENERATION - Advantage+ shopping campaign || Paid || Meta,How I learned || ESP - LEAD GENERATION - Advantage+ shopping campaign || Paid || Meta,EUR,88.34,21314,104,0.84942308,0.4879422,1.49898024
TEST - Advantage+ shopping campaign || Paid || Meta,TEST - Advantage+ shopping campaign || Paid || Meta,"Reel, Video Ads 6 || TEST - Advantage+ shopping campaign || Paid || Meta",EUR,40.58,9232,71,0.5715493,0.76906412,1.50138234
GER - LEAD GENERATION - Advantage+ shopping campaign || Paid || Meta,GER - LEAD GENERATION - Advantage+ shopping campaign || Paid || Meta,"Reel, Video Ads 1 || GER - LEAD GENERATION - Advantage+ shopping campaign || Paid || Meta",EUR,70.72,7190,65,1.088,0.90403338,1.52848639
GER - LEAD GENERATION - Advantage+ shopping campaign || Paid || Meta,GER - LEAD GENERATION - Advantage+ shopping campaign || Paid || Meta,Urlaub || GER - LEAD GENERATION - Advantage+ shopping campaign || Paid || Meta,EUR,98.78,7166,76,1.29973684,1.06056377,1.52988898
GER - LEAD GENERATION - Advantage+ shopping campaign || Paid || Meta,GER - LEAD GENERATION - Advantage+ shopping campaign || Paid || Meta,Frustration || GER - LEAD GENERATION - Advantage+ shopping campaign || Paid || Meta,EUR,188.7,17255,137,1.37737226,0.79397276,1.52996985
REMARKETING - Landing - Contact || Paid || Meta,STATIC - Pixel Viktor (viewpage) + Broad || REMARKETING - Landing - Contact || Paid || Meta,"Review, Nicole || STATIC - Pixel Viktor (viewpage) + Broad || REMARKETING - Landing - Contact || Paid || Meta",EUR,25.05,2039,25,1.002,1.22609122,1.53308271
REMARKETING - Landing - Contact || Paid || Meta,STATIC - Pixel Viktor (viewpage) + Broad || REMARKETING - Landing - Contact || Paid || Meta,"Reel Certificato, Giulia || STATIC - Pixel Viktor (viewpage) + Broad || REMARKETING - Landing - Contact || Paid || Meta",EUR,289.51,35698,338,0.85653846,0.94683176,1.54003451
TEST - Advantage+ shopping campaign || Paid || Meta,TEST - Advantage+ shopping campaign || Paid || Meta,"Illustrate, Bear || TEST - Advantage+ shopping campaign || Paid || Meta",EUR,738.09,183846,2427,0.30411619,1.32012663,1.54726477
GER - LEAD GENERATION - Advantage+ shopping campaign || Paid || Meta,GER - LEAD GENERATION - Advantage+ shopping campaign || Paid || Meta,SoTunAlsOb || GER - LEAD GENERATION - Advantage+ shopping campaign || Paid || Meta,EUR,96.52,8188,66,1.46242424,0.80605765,1.55134521
ESP - LEAD GENERATION - Advantage+ shopping campaign || Paid || Meta,ESP - LEAD GENERATION - Advantage+ shopping campaign || Paid || Meta,"Standard, 3 || ESP - LEAD GENERATION - Advantage+ shopping campaign || Paid || Meta",EUR,4.15,632,1,4.15,0.15822785,1.55665025
REMARKETING - Landing - Contact || Paid || Meta,STATIC - Pixel Viktor (viewpage) + Broad || REMARKETING - Landing - Contact || Paid || Meta,"Certificato, 2 || STATIC - Pixel Viktor (viewpage) + Broad || REMARKETING - Landing - Contact || Paid || Meta",EUR,29.52,3149,28,1.05428571,0.88917117,1.56355511
TEST - Advantage+ shopping campaign || Paid || Meta,TEST - Advantage+ shopping campaign || Paid || Meta,mark || TEST - Advantage+ shopping campaign || Paid || Meta,EUR,62.53,15299,77,0.81207792,0.50330087,1.57445714
ESP - LEAD GENERATION - Advantage+ shopping campaign || Paid || Meta,ESP - LEAD GENERATION - Advantage+ shopping campaign || Paid || Meta,Fish || ESP - LEAD GENERATION - Advantage+ shopping campaign || Paid || Meta,EUR,85.83,17425,188,0.45654255,1.07890961,1.58466715
TEST - Advantage+ shopping campaign || Paid || Meta,TEST - Advantage+ shopping campaign || Paid || Meta,Documenti || TEST - Advantage+ shopping campaign || Paid || Meta,EUR,35.65,7585,132,0.27007576,1.74027686,1.58814908
ESP - LEAD GENERATION - Advantage+ shopping campaign || Paid || Meta,ESP - LEAD GENERATION - Advantage+ shopping campaign || Paid || Meta,Meme || ESP - LEAD GENERATION - Advantage+ shopping campaign || Paid || Meta,EUR,66.25,16078,137,0.48357664,0.85209603,1.59030663
REMARKETING - Landing - Contact || Paid || Meta,STATIC - Pixel Viktor (viewpage) + Broad || REMARKETING - Landing - Contact || Paid || Meta,"Review, Camilla || STATIC - Pixel Viktor (viewpage) + Broad || REMARKETING - Landing - Contact || Paid || Meta",EUR,4.54,642,2,2.27,0.31152648,1.605
ESP - LEAD GENERATION - Advantage+ shopping campaign || Paid || Meta,ESP - LEAD GENERATION - Advantage+ shopping campaign || Paid || Meta,Inferno || ESP - LEAD GENERATION - Advantage+ shopping campaign || Paid || Meta,EUR,47.18,7390,43,1.0972093,0.58186739,1.62739485
REMARKETING - Landing - Contact || Paid || Meta,STATIC - Pixel Viktor (viewpage) + Broad || REMARKETING - Landing - Contact || Paid || Meta,"Reviews, 2 || STATIC - Pixel Viktor (viewpage) + Broad || REMARKETING - Landing - Contact || Paid || Meta",EUR,92.64,12673,124,0.74709677,0.97845814,1.63059701
ESP - LEAD GENERATION - Advantage+ shopping campaign || Paid || Meta,ESP - LEAD GENERATION - Advantage+ shopping campaign || Paid || Meta,"Illustrate, Bear || ESP - LEAD GENERATION - Advantage+ shopping campaign || Paid || Meta",EUR,5.17,1119,12,0.43083333,1.07238606,1.63836018
ESP - LEAD GENERATION - Advantage+ shopping campaign || Paid || Meta,ESP - LEAD GENERATION - Advantage+ shopping campaign || Paid || Meta,"Illustrate, Elon || ESP - LEAD GENERATION - Advantage+ shopping campaign || Paid || Meta",EUR,9.38,2196,20,0.469,0.91074681,1.64248317
TEST - Advantage+ shopping campaign || Paid || Meta,TEST - Advantage+ shopping campaign || Paid || Meta,Pepsi || TEST - Advantage+ shopping campaign || Paid || Meta,EUR,83.09,16669,174,0.47752874,1.04385386,1.64485889
TEST - Advantage+ shopping campaign || Paid || Meta,TEST - Advantage+ shopping campaign || Paid || Meta,Pesce al forno || TEST - Advantage+ shopping campaign || Paid || Meta,EUR,148.28,23927,324,0.45765432,1.35411878,1.65093493
GER - LEAD GENERATION - Advantage+ shopping campaign || Paid || Meta,GER - LEAD GENERATION - Advantage+ shopping campaign || Paid || Meta,Boxing || GER - LEAD GENERATION - Advantage+ shopping campaign || Paid || Meta,EUR,204.22,17212,89,2.29460674,0.51708111,1.65103118
GER - LEAD GENERATION - Advantage+ shopping campaign || Paid || Meta,GER - LEAD GENERATION - Advantage+ shopping campaign || Paid || Meta,Meme || GER - LEAD GENERATION - Advantage+ shopping campaign || Paid || Meta,EUR,71.32,8206,84,0.84904762,1.02364124,1.65143892
GER - LEAD GENERATION - Advantage+ shopping campaign || Paid || Meta,GER - LEAD GENERATION - Advantage+ shopping campaign || Paid || Meta,Sprachkurs10 || GER - LEAD GENERATION - Advantage+ shopping campaign || Paid || Meta,EUR,183.05,13226,211,0.86753555,1.59534251,1.66302024
TEST - Advantage+ shopping campaign || Paid || Meta,TEST - Advantage+ shopping campaign || Paid || Meta,"Standard, 4 || TEST - Advantage+ shopping campaign || Paid || Meta",EUR,85.64,20128,106,0.80792453,0.52662957,1.66760563
US - ESP - LEAD GENERATION - Advantage+ shopping campaign || Paid || Meta Campaign,US - ESP - LEAD GENERATION - Advantage+ shopping campaign || Paid || Meta Ad set,IELTS || US - ESP - LEAD GENERATION - Advantage+ shopping campaign || Paid || Meta,EUR,108.19,5460,100,1.0819,1.83150183,1.67536054
GER - LEAD GENERATION - Advantage+ shopping campaign || Paid || Meta,GER - LEAD GENERATION - Advantage+ shopping campaign || Paid || Meta,"Reel, Video Ads 2 || GER - LEAD GENERATION - Advantage+ shopping campaign || Paid || Meta",EUR,188.32,16639,170,1.10776471,1.02169602,1.69370928
TEST - Advantage+ shopping campaign || Paid || Meta,TEST - Advantage+ shopping campaign || Paid || Meta,"Reel, Costa Troppo || TEST - Advantage+ shopping campaign || Paid || Meta",EUR,575.31,93354,869,0.66203682,0.93086531,1.69592704
TEST - Advantage+ shopping campaign || Paid || Meta,TEST - Advantage+ shopping campaign || Paid || Meta,Cupcakes || TEST - Advantage+ shopping campaign || Paid || Meta,EUR,66.02,16088,125,0.52816,0.77697663,1.70858114
TEST - Advantage+ shopping campaign || Paid || Meta,TEST - Advantage+ shopping campaign || Paid || Meta,"Reel Certificato, Giulia || TEST - Advantage+ shopping campaign || Paid || Meta",EUR,806.63,190573,1103,0.73130553,0.57878083,1.71427929
GER - LEAD GENERATION - Advantage+ shopping campaign || Paid || Meta,GER - LEAD GENERATION - Advantage+ shopping campaign || Paid || Meta,Bottle toss || GER - LEAD GENERATION - Advantage+ shopping campaign || Paid || Meta,EUR,89.26,6766,82,1.08853659,1.21194206,1.72866633
ESP - LEAD GENERATION - Advantage+ shopping campaign || Paid || Meta,ESP - LEAD GENERATION - Advantage+ shopping campaign || Paid || Meta,Cocktail || ESP - LEAD GENERATION - Advantage+ shopping campaign || Paid || Meta,EUR,32.41,6892,71,0.45647887,1.03017992,1.75816327
ESP - LEAD GENERATION - Advantage+ shopping campaign || Paid || Meta,ESP - LEAD GENERATION - Advantage+ shopping campaign || Paid || Meta,"Reel, UGC 2 || ESP - LEAD GENERATION - Advantage+ shopping campaign || Paid || Meta",EUR,70.61,10525,117,0.60350427,1.11163895,1.75856307
GER - LEAD GENERATION - Advantage+ shopping campaign || Paid || Meta,GER - LEAD GENERATION - Advantage+ shopping campaign || Paid || Meta,Cricket 1 || GER - LEAD GENERATION - Advantage+ shopping campaign || Paid || Meta,EUR,91.12,6656,100,0.9112,1.50240385,1.75945017
TEST - Advantage+ shopping campaign || Paid || Meta,TEST - Advantage+ shopping campaign || Paid || Meta,"Corporate, 1 || TEST - Advantage+ shopping campaign || Paid || Meta",EUR,66.68,21940,84,0.79380952,0.38286235,1.7749373
GER - LEAD GENERATION - Advantage+ shopping campaign || Paid || Meta,GER - LEAD GENERATION - Advantage+ shopping campaign || Paid || Meta,Papier schneiden || GER - LEAD GENERATION - Advantage+ shopping campaign || Paid || Meta,EUR,123.36,7951,100,1.2336,1.25770343,1.77914522
ESP - LEAD GENERATION - Advantage+ shopping campaign || Paid || Meta,ESP - LEAD GENERATION - Advantage+ shopping campaign || Paid || Meta,Scioglilingua || ESP - LEAD GENERATION - Advantage+ shopping campaign || Paid || Meta,EUR,30.22,5174,33,0.91575758,0.63780441,1.90290548
ESP - LEAD GENERATION - Advantage+ shopping campaign || Paid || Meta,ESP - LEAD GENERATION - Advantage+ shopping campaign || Paid || Meta,"Reel, UGC 1 || ESP - LEAD GENERATION - Advantage+ shopping campaign || Paid || Meta",EUR,31.1,3583,31,1.00322581,0.86519676,1.90382572
GER - LEAD GENERATION - Advantage+ shopping campaign || Paid || Meta,GER - LEAD GENERATION - Advantage+ shopping campaign || Paid || Meta,Neuer Job || GER - LEAD GENERATION - Advantage+ shopping campaign || Paid || Meta - Copy,EUR,33.1,2326,27,1.22592593,1.16079106,1.94481605
TEST - Advantage+ shopping campaign || Paid || Meta,TEST - Advantage+ shopping campaign || Paid || Meta,"Reel, Corridoio || TEST - Advantage+ shopping campaign || Paid || Meta",EUR,122.55,21978,193,0.63497409,0.87815088,1.95551206
GER - LEAD GENERATION - Advantage+ shopping campaign || Paid || Meta,GER - LEAD GENERATION - Advantage+ shopping campaign || Paid || Meta,Paper cutter || GER - LEAD GENERATION - Advantage+ shopping campaign || Paid || Meta,EUR,417.61,37939,389,1.07354756,1.02533014,1.97856584
GER - LEAD GENERATION - Advantage+ shopping campaign || Paid || Meta,GER - LEAD GENERATION - Advantage+ shopping campaign || Paid || Meta,Kissentrick || GER - LEAD GENERATION - Advantage+ shopping campaign || Paid || Meta,EUR,131.03,9376,120,1.09191667,1.27986348,2.02636698
ESP - LEAD GENERATION - Advantage+ shopping campaign || Paid || Meta,ESP - LEAD GENERATION - Advantage+ shopping campaign || Paid || Meta,"Corporate, 2 || ESP - LEAD GENERATION - Advantage+ shopping campaign || Paid || Meta",EUR,43.68,6339,51,0.85647059,0.8045433,2.2992383